variable,count,mean,std,min,25%,50%,75%,max,original
dummy1,1000.0,0.00019515962324649733,0.00996215450022174,-0.0345998647190826,-0.006977394256343125,0.0004605754584012,0.007026655953519525,0.0309999734586625,-0.0138777190576497
dummy2,1000.0,0.0003153293823186404,0.009603108050941948,-0.031505800077376,-0.006090761990096,0.0003288313489022,0.00687114499955575,0.0283002617850058,0.0231037090467349
x1,1000.0,0.001046051367530506,2.9526900077557716,-8.740382959183687,-1.8825078539794413,-0.01665937871463045,1.9865180307980896,28.20376599166644,28.20376599166644
x2,1000.0,0.41257719056301473,8.051599638965849,-25.03174313145632,-4.592339213644165,0.3533460663388316,5.304474164506779,75.04768821514256,75.04768821514256
x3,1000.0,-0.03260641363239895,1.9914822112461885,-5.7328611408503,-1.309340872906045,-0.00593592906677705,1.2280476116614958,17.754124554299814,17.754124554299814
